sequence,timestamp,class
0,1604326656594,5
1,1604326656630,5
2,1604326656662,5
3,1604326656694,5
4,1604326656729,5
5,1604326656761,5
6,1604326656798,5
7,1604326656830,5
8,1604326656862,5
9,1604326656898,5
10,1604326656930,5
11,1604326656963,5
12,1604326656998,5
13,1604326657030,5
14,1604326657062,5
15,1604326657099,5
16,1604326657130,5
17,1604326657166,5
18,1604326657199,5
19,1604326657230,5
20,1604326657266,5
21,1604326657299,5
22,1604326657330,5
23,1604326657367,5
24,1604326657398,5
25,1604326657430,5
26,1604326657467,5
27,1604326657498,5
28,1604326657534,5
29,1604326657566,5
30,1604326657598,5
31,1604326657634,5
32,1604326657666,5
33,1604326657699,5
34,1604326657734,0
35,1604326657766,0
36,1604326657802,0
37,1604326657834,0
38,1604326657866,0
39,1604326657902,0
40,1604326657934,0
41,1604326657966,0
42,1604326658002,0
43,1604326658034,0
44,1604326658066,0
45,1604326658102,0
46,1604326658134,0
47,1604326658170,0
48,1604326658202,0
49,1604326658234,0
50,1604326658270,0
51,1604326658302,0
52,1604326658334,0
53,1604326658370,0
54,1604326658402,0
55,1604326658434,0
56,1604326658470,0
57,1604326658502,0
58,1604326658539,0
59,1604326658570,0
60,1604326658602,0
61,1604326658639,0
62,1604326658670,0
63,1604326658702,0
64,1604326658738,0
65,1604326658770,0
66,1604326658803,0
67,1604326658839,0
68,1604326658871,0
69,1604326658907,0
70,1604326658939,0
71,1604326658971,0
72,1604326659007,0
73,1604326659039,0
74,1604326659071,0
75,1604326659107,0
76,1604326659139,0
77,1604326659171,0
78,1604326659207,0
79,1604326659239,0
80,1604326659275,0
81,1604326659307,0
82,1604326659339,0
83,1604326659375,0
84,1604326659407,0
85,1604326659439,0
86,1604326659475,0
87,1604326659507,0
88,1604326659539,0
89,1604326659575,0
90,1604326659607,0
91,1604326659643,0
92,1604326659675,0
93,1604326659707,0
94,1604326659743,0
95,1604326659775,0
96,1604326659807,0
97,1604326659843,0
98,1604326659875,0
99,1604326659907,0
100,1604326659943,0
101,1604326659975,0
102,1604326660011,0
103,1604326660043,0
104,1604326660075,0
105,1604326660111,0
106,1604326660143,0
107,1604326660175,0
108,1604326660211,0
109,1604326660243,0
110,1604326660275,0
111,1604326660311,0
112,1604326660343,0
113,1604326660380,0
114,1604326660411,0
115,1604326660443,0
116,1604326660480,0
117,1604326660511,0
118,1604326660543,0
119,1604326660580,0
120,1604326660611,0
121,1604326660643,0
122,1604326660680,0
123,1604326660711,0
124,1604326660747,0
125,1604326660780,0
126,1604326660812,0
127,1604326660848,0
128,1604326660880,0
129,1604326660912,0
130,1604326660948,0
131,1604326660980,0
132,1604326661012,0
133,1604326661048,0
134,1604326661080,0
135,1604326661116,0
136,1604326661148,0
137,1604326661180,0
138,1604326661216,0
139,1604326661248,0
140,1604326661280,0
141,1604326661316,0
142,1604326661348,0
143,1604326661385,0
144,1604326661416,0
145,1604326661448,0
146,1604326661485,0
147,1604326661517,0
148,1604326661549,0
149,1604326661586,0
150,1604326661617,0
151,1604326661648,0
152,1604326661684,0
153,1604326661716,0
154,1604326661752,0
155,1604326661784,0
156,1604326661818,0
157,1604326661852,0
158,1604326661884,0
159,1604326661916,0
160,1604326661952,0
161,1604326661984,0
162,1604326662016,0
163,1604326662052,0
164,1604326662084,0
165,1604326662120,0
166,1604326662152,0
167,1604326662184,0
168,1604326662220,0
169,1604326662252,0
170,1604326662284,0
171,1604326662321,0
172,1604326662352,0
173,1604326662385,0
174,1604326662420,0
175,1604326662452,0
176,1604326662488,0
177,1604326662520,0
178,1604326662552,0
179,1604326662589,0
180,1604326662622,0
181,1604326662653,0
182,1604326662689,0
183,1604326662722,0
184,1604326662754,0
185,1604326662789,0
186,1604326662821,0
187,1604326662857,0
188,1604326662889,0
189,1604326662921,0
190,1604326662957,0
191,1604326662989,0
192,1604326663021,0
193,1604326663057,0
194,1604326663089,0
195,1604326663121,0
196,1604326663157,0
197,1604326663189,0
198,1604326663225,0
199,1604326663257,0
200,1604326663289,0
201,1604326663325,0
202,1604326663357,0
203,1604326663389,0
204,1604326663426,0
205,1604326663457,0
206,1604326663489,0
207,1604326663526,0
208,1604326663558,0
209,1604326663594,0
210,1604326663626,0
211,1604326663658,0
212,1604326663694,0
213,1604326663726,0
214,1604326663759,0
215,1604326663794,0
216,1604326663826,0
217,1604326663858,0
218,1604326663894,0
219,1604326663926,0
220,1604326663962,0
221,1604326663994,0
222,1604326664026,0
223,1604326664063,0
224,1604326664094,0
225,1604326664126,0
226,1604326664162,0
227,1604326664194,0
228,1604326664226,0
229,1604326664262,0
230,1604326664293,0
231,1604326664329,0
232,1604326664361,0
233,1604326664393,0
234,1604326664429,0
235,1604326664461,0
236,1604326664493,0
237,1604326664530,0
238,1604326664562,0
239,1604326664594,0
240,1604326664630,0
241,1604326664661,0
242,1604326664698,0
243,1604326664730,0
244,1604326664762,0
245,1604326664798,0
246,1604326664830,0
247,1604326664862,0
248,1604326664898,0
249,1604326664930,0
250,1604326664966,0
251,1604326664998,0
252,1604326665030,0
253,1604326665066,0
254,1604326665098,0
255,1604326665130,0
256,1604326665166,0
257,1604326665198,0
258,1604326665230,0
259,1604326665266,0
260,1604326665298,0
261,1604326665334,0
262,1604326665366,0
263,1604326665398,0
264,1604326665434,0
265,1604326665466,0
266,1604326665498,0
267,1604326665534,0
268,1604326665566,0
269,1604326665598,0
270,1604326665634,0
271,1604326665666,0
272,1604326665702,0
273,1604326665734,0
274,1604326665766,0
275,1604326665802,0
276,1604326665834,0
277,1604326665866,0
278,1604326665902,0
279,1604326665934,0
280,1604326665966,0
281,1604326666002,0
282,1604326666034,0
283,1604326666071,0
284,1604326666102,0
285,1604326666134,0
286,1604326666170,0
287,1604326666202,0
288,1604326666234,0
289,1604326666271,0
290,1604326666303,0
291,1604326666334,0
292,1604326666370,0
293,1604326666402,0
294,1604326666438,0
295,1604326666471,0
296,1604326666504,0
297,1604326666539,0
298,1604326666571,0
299,1604326666603,0
300,1604326666639,0
301,1604326666672,0
302,1604326666704,0
303,1604326666739,0
304,1604326666771,0
305,1604326666807,0
306,1604326666840,0
307,1604326666872,0
308,1604326666907,0
309,1604326666940,0
310,1604326666971,0
311,1604326667007,0
312,1604326667039,0
313,1604326667072,0
314,1604326667107,0
315,1604326667139,0
316,1604326667176,0
317,1604326667207,0
318,1604326667239,0
319,1604326667275,0
320,1604326667307,0
321,1604326667339,0
322,1604326667376,0
323,1604326667407,0
324,1604326667440,0
325,1604326667476,0
326,1604326667507,0
327,1604326667543,0
328,1604326667575,0
329,1604326667607,0
330,1604326667644,0
331,1604326667676,0
332,1604326667708,0
333,1604326667744,0
334,1604326667776,0
335,1604326667807,0
336,1604326667843,0
337,1604326667875,0
338,1604326667911,0
339,1604326667943,0
340,1604326667975,0
341,1604326668011,0
342,1604326668043,0
343,1604326668075,0
344,1604326668111,0
345,1604326668143,0
346,1604326668175,0
347,1604326668211,0
348,1604326668243,0
349,1604326668279,0
350,1604326668311,0
351,1604326668343,0
352,1604326668379,0
353,1604326668411,0
354,1604326668443,0
355,1604326668480,0
356,1604326668511,0
357,1604326668543,0
358,1604326668579,0
359,1604326668611,0
360,1604326668648,0
361,1604326668680,0
362,1604326668711,0
363,1604326668748,0
364,1604326668780,0
365,1604326668812,0
366,1604326668848,0
367,1604326668880,0
368,1604326668916,0
369,1604326668948,0
370,1604326668980,0
371,1604326669016,0
372,1604326669048,0
373,1604326669080,0
374,1604326669116,0
375,1604326669148,0
376,1604326669180,0
377,1604326669216,0
378,1604326669248,0
379,1604326669284,0
380,1604326669316,0
381,1604326669348,0
382,1604326669384,0
383,1604326669416,0
384,1604326669448,0
385,1604326669484,0
386,1604326669516,0
387,1604326669548,0
388,1604326669584,0
389,1604326669616,0
390,1604326669652,0
391,1604326669685,0
392,1604326669716,0
393,1604326669753,0
394,1604326669784,0
395,1604326669816,0
396,1604326669852,0
397,1604326669885,0
398,1604326669916,0
399,1604326669953,0
400,1604326669986,0
401,1604326670021,0
402,1604326670053,0
403,1604326670085,0
404,1604326670121,0
405,1604326670153,0
406,1604326670185,0
407,1604326670221,0
408,1604326670253,0
409,1604326670286,0
410,1604326670321,0
411,1604326670353,0
412,1604326670389,0
413,1604326670421,0
414,1604326670452,0
415,1604326670488,0
416,1604326670520,0
417,1604326670553,0
418,1604326670589,0
419,1604326670621,0
420,1604326670652,0
421,1604326670689,0
422,1604326670721,0
423,1604326670757,0
424,1604326670789,0
425,1604326670821,0
426,1604326670857,0
427,1604326670889,0
428,1604326670921,0
429,1604326670957,0
430,1604326670989,0
431,1604326671021,0
432,1604326671057,0
433,1604326671089,0
434,1604326671125,0
435,1604326671157,0
436,1604326671189,0
437,1604326671225,0
438,1604326671257,0
439,1604326671289,0
440,1604326671325,0
441,1604326671357,0
442,1604326671390,0
443,1604326671425,0
444,1604326671457,0
445,1604326671493,0
446,1604326671525,0
447,1604326671557,0
448,1604326671593,0
449,1604326671625,0
450,1604326671657,0
451,1604326671693,0
452,1604326671725,0
453,1604326671757,0
454,1604326671793,0
455,1604326671825,0
456,1604326671861,0
457,1604326671893,0
458,1604326671925,0
459,1604326671961,0
460,1604326671993,0
461,1604326672025,0
462,1604326672061,0
463,1604326672093,0
464,1604326672125,0
465,1604326672161,0
466,1604326672193,0
467,1604326672229,0
468,1604326672261,0
469,1604326672293,0
470,1604326672329,0
471,1604326672361,0
472,1604326672393,0
473,1604326672429,0
474,1604326672461,0
475,1604326672498,0
476,1604326672530,0
477,1604326672561,0
478,1604326672598,0
479,1604326672630,0
480,1604326672662,0
481,1604326672698,0
482,1604326672730,0
483,1604326672762,0
484,1604326672798,0
485,1604326672830,0
486,1604326672866,0
487,1604326672898,0
488,1604326672930,0
489,1604326672966,0
490,1604326672998,0
491,1604326673030,0
492,1604326673066,0
493,1604326673098,0
494,1604326673130,0
495,1604326673166,0
496,1604326673198,0
497,1604326673234,0
498,1604326673266,0
499,1604326673299,0
500,1604326673335,0
501,1604326673366,0
502,1604326673398,0
503,1604326673434,0
504,1604326673466,0
505,1604326673498,0
506,1604326673534,0
507,1604326673566,0
508,1604326673603,0
509,1604326673636,0
510,1604326673667,0
511,1604326673703,0
512,1604326673735,0
513,1604326673767,0
514,1604326673803,0
515,1604326673835,0
516,1604326673867,0
517,1604326673902,0
518,1604326673934,0
519,1604326673970,0
520,1604326674002,0
521,1604326674034,0
522,1604326674070,0
523,1604326674102,0
524,1604326674134,0
525,1604326674170,0
526,1604326674203,0
527,1604326674235,0
528,1604326674270,0
529,1604326674302,0
530,1604326674338,0
531,1604326674370,0
532,1604326674402,0
533,1604326674438,0
534,1604326674471,0
535,1604326674503,0
536,1604326674539,0
537,1604326674571,0
538,1604326674603,0
539,1604326674639,0
540,1604326674671,0
541,1604326674707,0
542,1604326674739,0
543,1604326674771,0
544,1604326674807,0
545,1604326674839,0
546,1604326674871,0
547,1604326674907,0
548,1604326674939,0
549,1604326674971,0
550,1604326675007,0
551,1604326675039,0
552,1604326675075,0
553,1604326675107,0
554,1604326675139,0
555,1604326675175,0
556,1604326675207,0
557,1604326675239,0
558,1604326675276,0
559,1604326675307,0
560,1604326675339,0
561,1604326675375,0
562,1604326675408,0
563,1604326675443,0
564,1604326675479,0
565,1604326675507,0
566,1604326675543,0
567,1604326675575,0
568,1604326675608,0
569,1604326675645,0
570,1604326675676,0
571,1604326675708,0
572,1604326675744,0
573,1604326675776,0
574,1604326675812,0
575,1604326675844,0
576,1604326675879,0
577,1604326675912,0
578,1604326675944,0
579,1604326675975,0
580,1604326676011,0
581,1604326676043,0
582,1604326676079,0
583,1604326676111,0
584,1604326676143,0
585,1604326676179,0
586,1604326676211,0
587,1604326676243,0
588,1604326676279,0
589,1604326676311,0
590,1604326676343,0
591,1604326676379,0
592,1604326676411,0
593,1604326676447,0
594,1604326676479,0
595,1604326676511,0
596,1604326676548,0
597,1604326676580,0
598,1604326676612,0
599,1604326676648,0
600,1604326676680,0
601,1604326676712,0
602,1604326676748,0
603,1604326676780,0
604,1604326676816,0
605,1604326676848,0
606,1604326676880,0
607,1604326676916,0
608,1604326676948,0
609,1604326676980,0
610,1604326677016,0
611,1604326677048,0
612,1604326677080,0
613,1604326677117,0
614,1604326677148,0
615,1604326677184,0
616,1604326677216,0
617,1604326677248,0
618,1604326677284,0
619,1604326677316,0
620,1604326677348,0
621,1604326677384,0
622,1604326677416,0
623,1604326677448,0
624,1604326677484,0
625,1604326677517,0
626,1604326677552,0
627,1604326677584,0
628,1604326677616,0
629,1604326677652,0
630,1604326677684,0
631,1604326677716,0
632,1604326677752,0
633,1604326677784,0
634,1604326677816,0
635,1604326677852,0
636,1604326677884,0
637,1604326677920,0
638,1604326677952,0
639,1604326677984,0
640,1604326678020,0
641,1604326678052,0
642,1604326678084,0
643,1604326678120,0
644,1604326678152,0
645,1604326678184,0
646,1604326678220,0
647,1604326678252,0
648,1604326678289,0
649,1604326678320,0
650,1604326678352,0
651,1604326678389,0
652,1604326678421,0
653,1604326678453,0
654,1604326678489,0
655,1604326678521,0
656,1604326678553,0
657,1604326678589,0
658,1604326678621,0
659,1604326678657,0
660,1604326678689,0
661,1604326678721,0
662,1604326678757,0
663,1604326678789,0
664,1604326678821,0
665,1604326678857,0
666,1604326678889,0
667,1604326678921,0
668,1604326678958,0
669,1604326678989,0
670,1604326679025,0
671,1604326679057,0
672,1604326679089,0
673,1604326679125,0
674,1604326679157,0
675,1604326679189,0
676,1604326679225,0
677,1604326679257,0
678,1604326679289,0
679,1604326679325,0
680,1604326679357,0
681,1604326679394,0
682,1604326679426,0
683,1604326679458,0
684,1604326679494,0
685,1604326679526,0
686,1604326679559,0
687,1604326679594,0
688,1604326679626,0
689,1604326679658,0
690,1604326679694,0
691,1604326679726,0
692,1604326679762,0
693,1604326679794,0
694,1604326679826,0
695,1604326679861,0
696,1604326679893,0
697,1604326679925,0
698,1604326679962,0
699,1604326679994,0
700,1604326680029,0
701,1604326680061,0
702,1604326680093,0
703,1604326680129,0
704,1604326680161,0
705,1604326680194,0
706,1604326680230,0
707,1604326680261,0
708,1604326680293,0
709,1604326680329,0
710,1604326680361,0
711,1604326680398,0
712,1604326680429,0
713,1604326680461,0
714,1604326680498,0
715,1604326680530,0
716,1604326680562,0
717,1604326680598,0
718,1604326680630,0
719,1604326680662,0
720,1604326680698,0
721,1604326680730,0
722,1604326680766,0
723,1604326680798,0
724,1604326680830,0
725,1604326680866,0
726,1604326680898,0
727,1604326680930,0
728,1604326680966,0
729,1604326680999,0
730,1604326681030,0
731,1604326681066,0
732,1604326681098,0
733,1604326681134,0
734,1604326681166,0
735,1604326681198,0
736,1604326681234,0
737,1604326681266,0
738,1604326681298,0
739,1604326681334,0
740,1604326681366,0
741,1604326681398,0
742,1604326681434,0
743,1604326681467,0
744,1604326681503,0
745,1604326681535,0
746,1604326681567,0
747,1604326681603,0
748,1604326681634,0
749,1604326681666,0
750,1604326681702,0
751,1604326681734,0
752,1604326681766,0
753,1604326681802,0
754,1604326681834,0
755,1604326681870,0
756,1604326681902,0
757,1604326681934,0
758,1604326681970,0
759,1604326682002,0
760,1604326682034,0
761,1604326682070,0
762,1604326682102,0
763,1604326682134,0
764,1604326682170,0
765,1604326682202,0
766,1604326682238,0
767,1604326682270,0
768,1604326682302,0
769,1604326682338,0
770,1604326682370,0
771,1604326682402,0
772,1604326682439,0
773,1604326682471,0
774,1604326682503,0
775,1604326682540,0
776,1604326682571,0
777,1604326682607,0
778,1604326682639,0
779,1604326682671,0
780,1604326682707,0
781,1604326682740,0
782,1604326682771,0
783,1604326682808,0
784,1604326682839,0
785,1604326682871,0
786,1604326682908,0
787,1604326682939,0
788,1604326682975,0
789,1604326683008,0
790,1604326683041,0
791,1604326683075,0
792,1604326683107,0
793,1604326683139,0
794,1604326683175,0
795,1604326683207,0
796,1604326683239,0
797,1604326683275,0
798,1604326683307,0
799,1604326683343,0
800,1604326683375,0
801,1604326683407,0
802,1604326683444,0
803,1604326683475,0
804,1604326683507,0
805,1604326683543,0
806,1604326683576,0
807,1604326683614,0
808,1604326683644,0
809,1604326683675,0
810,1604326683711,0
811,1604326683743,0
812,1604326683775,0
813,1604326683811,0
814,1604326683843,0
815,1604326683875,0
816,1604326683912,0
817,1604326683943,0
818,1604326683979,0
819,1604326684011,0
820,1604326684043,0
821,1604326684079,0
822,1604326684111,0
823,1604326684143,0
824,1604326684180,0
825,1604326684211,0
826,1604326684243,0
827,1604326684281,0
828,1604326684312,0
829,1604326684347,0
830,1604326684380,0
831,1604326684412,0
832,1604326684448,0
833,1604326684480,0
834,1604326684512,0
835,1604326684548,0
836,1604326684580,0
837,1604326684612,0
838,1604326684648,0
839,1604326684680,0
840,1604326684716,0
841,1604326684748,0
842,1604326684780,0
843,1604326684816,0
844,1604326684848,0
845,1604326684880,0
846,1604326684916,0
847,1604326684948,0
848,1604326684980,0
849,1604326685016,0
850,1604326685048,0
851,1604326685084,0
852,1604326685116,0
853,1604326685148,0
854,1604326685184,0
855,1604326685216,0
856,1604326685248,0
857,1604326685284,0
858,1604326685316,0
859,1604326685348,0
860,1604326685384,0
861,1604326685416,0
862,1604326685452,0
863,1604326685484,0
864,1604326685516,0
865,1604326685552,0
866,1604326685584,0
867,1604326685616,0
868,1604326685652,0
869,1604326685684,0
870,1604326685716,0
871,1604326685752,0
872,1604326685784,0
873,1604326685820,0
874,1604326685852,0
875,1604326685884,0
876,1604326685921,0
877,1604326685952,0
878,1604326685984,0
879,1604326686020,0
880,1604326686052,0
881,1604326686084,0
882,1604326686120,0
883,1604326686152,0
884,1604326686188,0
885,1604326686222,0
886,1604326686253,0
887,1604326686289,0
888,1604326686322,0
889,1604326686353,0
890,1604326686389,0
891,1604326686420,0
892,1604326686453,0
893,1604326686489,0
894,1604326686521,0
895,1604326686557,0
896,1604326686589,0
897,1604326686621,0
898,1604326686657,0
899,1604326686689,0
900,1604326686721,0
901,1604326686757,0
902,1604326686789,0
903,1604326686821,0
904,1604326686857,0
905,1604326686889,0
906,1604326686925,0
907,1604326686957,0
908,1604326686989,0
909,1604326687025,0
910,1604326687057,0
911,1604326687089,0
912,1604326687125,0
913,1604326687157,0
914,1604326687193,0
915,1604326687225,0
916,1604326687257,0
917,1604326687293,0
918,1604326687325,0
919,1604326687357,0
920,1604326687393,0
921,1604326687425,0
922,1604326687457,0
923,1604326687493,0
924,1604326687525,0
925,1604326687561,0
926,1604326687594,0
927,1604326687626,0
928,1604326687662,0
929,1604326687694,0
930,1604326687726,0
931,1604326687762,0
932,1604326687794,0
933,1604326687826,0
934,1604326687862,0
935,1604326687894,0
936,1604326687929,0
937,1604326687961,0
938,1604326687993,0
939,1604326688029,0
940,1604326688061,0
941,1604326688093,0
942,1604326688129,0
943,1604326688161,0
944,1604326688193,0
945,1604326688230,0
946,1604326688262,0
947,1604326688298,0
948,1604326688330,0
949,1604326688362,0
950,1604326688398,0
951,1604326688430,0
952,1604326688462,0
953,1604326688498,0
954,1604326688530,0
955,1604326688563,0
956,1604326688599,0
957,1604326688631,0
958,1604326688666,0
959,1604326688698,0
960,1604326688730,0
961,1604326688766,0
962,1604326688798,0
963,1604326688831,0
964,1604326688866,0
965,1604326688898,0
966,1604326688930,0
967,1604326688966,0
968,1604326688998,0
969,1604326689034,0
970,1604326689066,0
971,1604326689098,0
972,1604326689134,0
973,1604326689166,0
974,1604326689199,0
975,1604326689234,0
976,1604326689266,0
977,1604326689298,0
978,1604326689334,0
979,1604326689366,0
980,1604326689402,0
981,1604326689434,0
982,1604326689466,0
983,1604326689502,0
984,1604326689534,0
985,1604326689566,0
986,1604326689602,0
987,1604326689634,0
988,1604326689666,0
989,1604326689702,0
990,1604326689734,0
991,1604326689770,0
992,1604326689802,0
993,1604326689834,0
994,1604326689870,0
995,1604326689902,0
996,1604326689934,0
997,1604326689970,0
998,1604326690002,0
999,1604326690034,0
1000,1604326690070,0
1001,1604326690102,0
1002,1604326690138,0
1003,1604326690171,0
1004,1604326690202,0
1005,1604326690238,0
1006,1604326690270,0
1007,1604326690302,0
1008,1604326690339,0
1009,1604326690370,0
1010,1604326690403,0
1011,1604326690439,0
1012,1604326690471,0
1013,1604326690507,0
1014,1604326690539,0
1015,1604326690571,0
1016,1604326690607,0
1017,1604326690639,0
1018,1604326690671,0
1019,1604326690707,0
1020,1604326690739,0
1021,1604326690775,0
1022,1604326690807,0
1023,1604326690839,0
1024,1604326690875,0
1025,1604326690907,0
1026,1604326690939,0
1027,1604326690975,0
1028,1604326691007,0
1029,1604326691039,0
1030,1604326691075,0
1031,1604326691107,0
1032,1604326691143,0
1033,1604326691175,3
1034,1604326691207,3
1035,1604326691243,3
1036,1604326691275,3
1037,1604326691307,3
1038,1604326691343,3
1039,1604326691375,3
1040,1604326691407,3
1041,1604326691443,3
1042,1604326691475,3
1043,1604326691511,3
1044,1604326691543,3
1045,1604326691575,3
1046,1604326691611,3
1047,1604326691643,3
1048,1604326691676,3
1049,1604326691712,3
1050,1604326691744,3
1051,1604326691776,3
1052,1604326691812,3
1053,1604326691844,3
1054,1604326691880,3
1055,1604326691912,3
1056,1604326691944,3
1057,1604326691980,3
1058,1604326692012,3
1059,1604326692044,3
1060,1604326692080,3
1061,1604326692111,3
1062,1604326692143,3
1063,1604326692179,3
1064,1604326692212,3
1065,1604326692248,3
1066,1604326692279,3
1067,1604326692311,3
1068,1604326692348,3
1069,1604326692380,3
1070,1604326692412,3
1071,1604326692448,3
1072,1604326692480,3
1073,1604326692512,3
1074,1604326692548,3
1075,1604326692580,3
1076,1604326692616,3
1077,1604326692648,3
1078,1604326692680,3
1079,1604326692716,3
1080,1604326692748,3
1081,1604326692780,3
1082,1604326692816,3
1083,1604326692848,3
1084,1604326692880,3
1085,1604326692916,3
1086,1604326692948,3
1087,1604326692985,3
1088,1604326693016,3
1089,1604326693048,3
1090,1604326693085,3
1091,1604326693117,3
1092,1604326693148,3
1093,1604326693184,3
1094,1604326693217,3
1095,1604326693249,3
1096,1604326693285,3
1097,1604326693317,3
1098,1604326693352,3
1099,1604326693384,3
1100,1604326693416,3
1101,1604326693452,3
1102,1604326693484,3
1103,1604326693516,3
1104,1604326693552,3
1105,1604326693584,3
1106,1604326693616,3
1107,1604326693653,3
1108,1604326693685,3
1109,1604326693720,3
1110,1604326693753,3
1111,1604326693784,3
1112,1604326693821,3
1113,1604326693853,3
1114,1604326693885,3
1115,1604326693921,3
1116,1604326693953,3
1117,1604326693985,3
1118,1604326694022,3
1119,1604326694056,3
1120,1604326694089,3
1121,1604326694121,3
1122,1604326694154,3
1123,1604326694189,3
1124,1604326694221,3
1125,1604326694253,3
1126,1604326694289,3
1127,1604326694321,3
1128,1604326694357,3
1129,1604326694389,3
1130,1604326694421,3
1131,1604326694457,3
1132,1604326694489,3
1133,1604326694521,3
1134,1604326694557,3
1135,1604326694589,3
1136,1604326694621,3
1137,1604326694657,3
1138,1604326694689,3
1139,1604326694725,3
1140,1604326694757,3
1141,1604326694789,3
1142,1604326694825,3
1143,1604326694857,3
1144,1604326694889,3
1145,1604326694925,3
1146,1604326694957,3
1147,1604326694989,3
1148,1604326695025,3
1149,1604326695057,3
1150,1604326695093,3
1151,1604326695125,3
1152,1604326695157,3
1153,1604326695193,3
1154,1604326695225,3
1155,1604326695257,3
1156,1604326695293,3
1157,1604326695325,3
1158,1604326695357,3
1159,1604326695393,3
1160,1604326695425,3
1161,1604326695461,3
1162,1604326695493,3
1163,1604326695525,3
1164,1604326695561,3
1165,1604326695593,3
1166,1604326695625,3
1167,1604326695661,3
1168,1604326695693,3
1169,1604326695725,3
1170,1604326695763,3
1171,1604326695794,3
1172,1604326695830,3
1173,1604326695862,3
1174,1604326695894,3
1175,1604326695930,3
1176,1604326695962,3
1177,1604326695994,3
1178,1604326696030,3
1179,1604326696062,3
1180,1604326696094,3
1181,1604326696130,3
1182,1604326696161,3
1183,1604326696197,3
1184,1604326696230,3
1185,1604326696261,3
1186,1604326696298,3
1187,1604326696330,3
1188,1604326696362,3
1189,1604326696398,3
1190,1604326696430,3
1191,1604326696462,3
1192,1604326696498,3
1193,1604326696530,3
1194,1604326696566,3
1195,1604326696598,3
1196,1604326696630,3
1197,1604326696666,3
1198,1604326696698,3
1199,1604326696730,3
1200,1604326696766,3
1201,1604326696798,3
1202,1604326696830,3
1203,1604326696866,3
1204,1604326696898,3
1205,1604326696934,3
1206,1604326696966,3
1207,1604326696998,3
1208,1604326697034,3
1209,1604326697066,3
1210,1604326697098,3
1211,1604326697134,3
1212,1604326697166,3
1213,1604326697198,3
1214,1604326697234,3
1215,1604326697266,3
1216,1604326697302,3
1217,1604326697334,3
1218,1604326697366,3
1219,1604326697403,3
1220,1604326697434,3
1221,1604326697466,3
1222,1604326697502,3
1223,1604326697534,3
1224,1604326697566,3
1225,1604326697602,3
1226,1604326697634,3
1227,1604326697670,3
1228,1604326697702,3
1229,1604326697734,3
1230,1604326697770,3
1231,1604326697802,3
1232,1604326697834,3
1233,1604326697870,3
1234,1604326697902,3
1235,1604326697934,3
1236,1604326697970,3
1237,1604326698002,3
1238,1604326698038,3
1239,1604326698070,3
1240,1604326698102,3
1241,1604326698138,3
1242,1604326698171,3
1243,1604326698203,3
1244,1604326698239,3
1245,1604326698271,3
1246,1604326698307,3
1247,1604326698339,3
1248,1604326698371,3
1249,1604326698407,3
1250,1604326698439,3
1251,1604326698471,3
1252,1604326698507,3
1253,1604326698539,3
1254,1604326698571,3
1255,1604326698607,3
1256,1604326698639,3
1257,1604326698675,3
1258,1604326698707,3
1259,1604326698739,3
1260,1604326698775,3
1261,1604326698807,3
1262,1604326698839,3
1263,1604326698875,3
1264,1604326698907,3
1265,1604326698939,3
1266,1604326698975,3
1267,1604326699007,3
1268,1604326699043,3
1269,1604326699076,3
1270,1604326699108,3
1271,1604326699144,3
1272,1604326699179,3
1273,1604326699208,3
1274,1604326699244,3
1275,1604326699276,3
1276,1604326699308,3
1277,1604326699343,3
1278,1604326699376,3
1279,1604326699412,3
1280,1604326699444,3
1281,1604326699476,3
1282,1604326699512,3
1283,1604326699544,3
1284,1604326699576,3
1285,1604326699611,3
1286,1604326699643,3
1287,1604326699676,3
1288,1604326699711,3
1289,1604326699743,3
1290,1604326699779,3
1291,1604326699811,3
1292,1604326699843,3
1293,1604326699879,3
1294,1604326699911,3
1295,1604326699943,3
1296,1604326699979,3
1297,1604326700011,3
1298,1604326700043,3
1299,1604326700079,3
1300,1604326700111,3
1301,1604326700148,3
1302,1604326700179,3
1303,1604326700211,3
1304,1604326700248,3
1305,1604326700280,3
1306,1604326700312,3
1307,1604326700348,3
1308,1604326700380,3
1309,1604326700412,3
1310,1604326700448,3
1311,1604326700480,3
1312,1604326700516,3
1313,1604326700548,3
1314,1604326700580,3
1315,1604326700616,3
1316,1604326700648,3
1317,1604326700680,3
1318,1604326700716,3
1319,1604326700748,3
1320,1604326700780,3
1321,1604326700816,3
1322,1604326700848,3
1323,1604326700884,3
1324,1604326700917,3
1325,1604326700948,3
1326,1604326700984,3
1327,1604326701016,3
1328,1604326701048,3
1329,1604326701084,3
1330,1604326701116,3
1331,1604326701148,3
1332,1604326701184,3
1333,1604326701216,3
1334,1604326701252,3
1335,1604326701284,3
1336,1604326701316,3
1337,1604326701352,3
1338,1604326701384,3
1339,1604326701417,3
1340,1604326701452,3
1341,1604326701484,3
1342,1604326701516,3
1343,1604326701552,3
1344,1604326701584,3
1345,1604326701620,3
1346,1604326701652,3
1347,1604326701684,3
1348,1604326701720,3
1349,1604326701752,3
1350,1604326701784,3
1351,1604326701820,3
1352,1604326701852,3
1353,1604326701885,3
1354,1604326701921,3
1355,1604326701953,3
1356,1604326701989,3
1357,1604326702021,3
1358,1604326702052,3
1359,1604326702089,3
1360,1604326702121,3
1361,1604326702153,3
1362,1604326702189,3
1363,1604326702221,3
1364,1604326702257,3
1365,1604326702289,3
1366,1604326702321,3
1367,1604326702357,3
1368,1604326702389,3
1369,1604326702421,3
1370,1604326702457,3
1371,1604326702491,3
1372,1604326702521,3
1373,1604326702557,3
1374,1604326702589,3
1375,1604326702625,3
1376,1604326702657,3
1377,1604326702689,3
1378,1604326702725,3
1379,1604326702757,3
1380,1604326702789,3
1381,1604326702825,3
1382,1604326702857,3
1383,1604326702889,3
1384,1604326702925,3
1385,1604326702957,3
1386,1604326702993,3
1387,1604326703025,3
1388,1604326703057,3
1389,1604326703093,3
1390,1604326703125,3
1391,1604326703158,3
1392,1604326703193,3
1393,1604326703225,3
1394,1604326703258,3
1395,1604326703293,3
1396,1604326703325,3
1397,1604326703361,3
1398,1604326703393,3
1399,1604326703425,3
1400,1604326703461,3
1401,1604326703493,3
1402,1604326703525,3
1403,1604326703561,3
1404,1604326703593,3
1405,1604326703625,3
1406,1604326703661,3
1407,1604326703693,3
1408,1604326703729,3
1409,1604326703761,3
1410,1604326703793,3
1411,1604326703829,3
1412,1604326703861,3
1413,1604326703894,3
1414,1604326703929,3
1415,1604326703961,3
1416,1604326703993,3
1417,1604326704029,3
1418,1604326704062,3
1419,1604326704098,3
1420,1604326704129,3
1421,1604326704161,3
1422,1604326704198,3
1423,1604326704230,3
1424,1604326704262,3
1425,1604326704298,3
1426,1604326704330,3
1427,1604326704362,3
1428,1604326704398,3
1429,1604326704430,3
1430,1604326704466,3
1431,1604326704498,3
1432,1604326704530,3
1433,1604326704566,3
1434,1604326704598,3
1435,1604326704630,3
1436,1604326704666,3
1437,1604326704698,3
1438,1604326704730,3
1439,1604326704766,3
1440,1604326704798,3
1441,1604326704834,3
1442,1604326704866,3
1443,1604326704898,3
1444,1604326704934,3
1445,1604326704966,3
1446,1604326704998,3
1447,1604326705034,3
1448,1604326705066,3
1449,1604326705098,3
1450,1604326705134,3
1451,1604326705166,3
1452,1604326705202,3
1453,1604326705234,3
1454,1604326705266,3
1455,1604326705302,3
1456,1604326705334,3
1457,1604326705366,3
1458,1604326705402,3
1459,1604326705434,3
1460,1604326705466,3
1461,1604326705502,3
1462,1604326705534,3
1463,1604326705570,3
1464,1604326705602,3
1465,1604326705634,3
1466,1604326705670,3
1467,1604326705702,3
1468,1604326705734,3
1469,1604326705770,3
1470,1604326705802,3
1471,1604326705834,3
1472,1604326705871,3
1473,1604326705902,3
1474,1604326705939,3
1475,1604326705970,3
1476,1604326706002,3
1477,1604326706039,3
1478,1604326706071,3
1479,1604326706102,3
1480,1604326706139,3
1481,1604326706171,3
1482,1604326706207,3
1483,1604326706239,3
1484,1604326706271,3
1485,1604326706307,3
1486,1604326706339,3
1487,1604326706371,3
1488,1604326706408,3
1489,1604326706439,3
1490,1604326706471,3
1491,1604326706507,3
1492,1604326706539,3
1493,1604326706576,3
1494,1604326706608,3
1495,1604326706640,3
1496,1604326706675,3
1497,1604326706708,3
1498,1604326706739,3
1499,1604326706776,3
1500,1604326706807,3
1501,1604326706839,3
1502,1604326706875,3
1503,1604326706907,3
1504,1604326706944,3
1505,1604326706976,3
1506,1604326707008,3
1507,1604326707045,3
1508,1604326707076,3
1509,1604326707108,3
1510,1604326707144,3
1511,1604326707176,3
1512,1604326707208,3
1513,1604326707244,3
1514,1604326707276,3
1515,1604326707312,3
1516,1604326707344,3
1517,1604326707376,3
1518,1604326707411,3
1519,1604326707443,3
1520,1604326707475,3
1521,1604326707511,3
1522,1604326707543,3
1523,1604326707575,3
1524,1604326707611,3
1525,1604326707643,3
1526,1604326707679,3
1527,1604326707711,3
1528,1604326707743,3
1529,1604326707780,3
1530,1604326707811,3
1531,1604326707843,3
1532,1604326707879,3
1533,1604326707911,3
1534,1604326707943,3
1535,1604326707979,3
1536,1604326708011,3
1537,1604326708047,3
1538,1604326708080,3
1539,1604326708112,3
1540,1604326708148,3
1541,1604326708180,3
1542,1604326708211,3
1543,1604326708248,3
1544,1604326708280,3
1545,1604326708312,3
1546,1604326708348,3
1547,1604326708380,3
1548,1604326708416,3
1549,1604326708448,3
1550,1604326708480,3
1551,1604326708516,3
1552,1604326708548,3
1553,1604326708580,3
1554,1604326708616,3
1555,1604326708649,3
1556,1604326708681,3
1557,1604326708716,3
1558,1604326708748,3
1559,1604326708785,3
1560,1604326708816,3
1561,1604326708848,3
1562,1604326708885,3
1563,1604326708916,3
1564,1604326708948,3
1565,1604326708984,3
1566,1604326709016,3
1567,1604326709048,3
1568,1604326709084,3
1569,1604326709116,3
1570,1604326709152,3
1571,1604326709184,3
1572,1604326709216,3
1573,1604326709252,3
1574,1604326709284,3
1575,1604326709316,3
1576,1604326709352,3
1577,1604326709384,3
1578,1604326709416,3
1579,1604326709452,3
1580,1604326709484,3
1581,1604326709521,3
1582,1604326709552,3
1583,1604326709584,3
1584,1604326709621,3
1585,1604326709653,3
1586,1604326709685,3
1587,1604326709721,3
1588,1604326709753,3
1589,1604326709785,3
1590,1604326709823,3
1591,1604326709853,3
1592,1604326709890,3
1593,1604326709921,3
1594,1604326709953,3
1595,1604326709989,3
1596,1604326710021,3
1597,1604326710053,3
1598,1604326710089,3
1599,1604326710122,3
1600,1604326710157,3
1601,1604326710189,3
1602,1604326710221,3
1603,1604326710257,3
1604,1604326710289,3
1605,1604326710321,3
1606,1604326710357,3
1607,1604326710389,3
1608,1604326710422,3
1609,1604326710457,3
1610,1604326710489,3
1611,1604326710525,3
1612,1604326710557,3
1613,1604326710589,3
1614,1604326710625,3
1615,1604326710657,3
1616,1604326710689,3
1617,1604326710725,3
1618,1604326710757,3
1619,1604326710789,3
1620,1604326710825,3
1621,1604326710857,3
1622,1604326710893,3
1623,1604326710925,3
1624,1604326710957,3
1625,1604326710993,3
1626,1604326711025,3
1627,1604326711057,3
1628,1604326711093,3
1629,1604326711126,3
1630,1604326711157,3
1631,1604326711194,3
1632,1604326711226,3
1633,1604326711262,3
1634,1604326711293,3
1635,1604326711326,3
1636,1604326711362,3
1637,1604326711393,3
1638,1604326711425,3
1639,1604326711461,3
1640,1604326711493,3
1641,1604326711526,3
1642,1604326711561,3
1643,1604326711593,3
1644,1604326711629,3
1645,1604326711661,3
1646,1604326711694,3
1647,1604326711729,3
1648,1604326711762,3
1649,1604326711793,3
1650,1604326711830,3
1651,1604326711862,3
1652,1604326711895,3
1653,1604326711930,3
1654,1604326711962,3
1655,1604326711997,3
1656,1604326712030,3
1657,1604326712062,3
1658,1604326712098,3
1659,1604326712130,3
1660,1604326712162,3
1661,1604326712198,3
1662,1604326712230,3
1663,1604326712262,3
1664,1604326712298,3
1665,1604326712330,3
1666,1604326712366,3
1667,1604326712398,3
1668,1604326712430,3
1669,1604326712466,3
1670,1604326712498,3
1671,1604326712530,3
1672,1604326712566,3
1673,1604326712598,3
1674,1604326712630,3
1675,1604326712666,3
1676,1604326712698,3
1677,1604326712734,3
1678,1604326712766,3
1679,1604326712799,3
1680,1604326712834,3
1681,1604326712866,3
1682,1604326712898,3
1683,1604326712934,3
1684,1604326712966,3
1685,1604326712998,3
1686,1604326713034,3
1687,1604326713066,3
1688,1604326713102,3
1689,1604326713134,3
1690,1604326713166,3
1691,1604326713202,3
1692,1604326713234,3
1693,1604326713266,3
1694,1604326713303,3
1695,1604326713334,3
1696,1604326713366,3
1697,1604326713402,3
1698,1604326713434,3
1699,1604326713470,3
1700,1604326713502,3
1701,1604326713535,3
1702,1604326713571,3
1703,1604326713603,3
1704,1604326713635,3
1705,1604326713671,2
1706,1604326713704,2
1707,1604326713734,2
1708,1604326713770,2
1709,1604326713802,2
1710,1604326713838,2
1711,1604326713870,2
1712,1604326713903,2
1713,1604326713939,2
1714,1604326713971,2
1715,1604326714003,2
1716,1604326714039,2
1717,1604326714070,2
1718,1604326714107,2
1719,1604326714139,2
1720,1604326714171,2
1721,1604326714207,2
1722,1604326714239,2
1723,1604326714271,2
1724,1604326714307,2
1725,1604326714339,2
1726,1604326714371,2
1727,1604326714407,2
1728,1604326714439,2
1729,1604326714475,2
1730,1604326714507,2
1731,1604326714539,2
1732,1604326714575,2
1733,1604326714607,2
1734,1604326714639,2
1735,1604326714675,2
1736,1604326714707,2
1737,1604326714739,2
1738,1604326714775,2
1739,1604326714807,2
1740,1604326714843,2
1741,1604326714875,2
1742,1604326714907,2
1743,1604326714943,2
1744,1604326714975,2
1745,1604326715007,2
1746,1604326715044,2
1747,1604326715075,2
1748,1604326715107,2
1749,1604326715143,2
1750,1604326715175,2
1751,1604326715212,2
1752,1604326715243,2
1753,1604326715275,2
1754,1604326715311,2
1755,1604326715343,2
1756,1604326715375,2
1757,1604326715412,2
1758,1604326715444,2
1759,1604326715475,2
1760,1604326715511,2
1761,1604326715543,2
1762,1604326715579,2
1763,1604326715611,2
1764,1604326715644,2
1765,1604326715679,2
1766,1604326715711,2
1767,1604326715743,2
1768,1604326715779,2
1769,1604326715814,2
1770,1604326715844,2
1771,1604326715880,2
1772,1604326715912,2
1773,1604326715948,2
1774,1604326715980,2
1775,1604326716012,2
1776,1604326716048,2
1777,1604326716080,2
1778,1604326716112,2
1779,1604326716148,2
1780,1604326716180,2
1781,1604326716212,2
1782,1604326716248,2
1783,1604326716280,2
1784,1604326716316,2
1785,1604326716348,2
1786,1604326716380,2
1787,1604326716416,2
1788,1604326716448,2
1789,1604326716480,2
1790,1604326716516,2
1791,1604326716548,2
1792,1604326716580,2
1793,1604326716616,2
1794,1604326716648,2
1795,1604326716684,2
1796,1604326716716,2
1797,1604326716748,2
1798,1604326716784,2
1799,1604326716816,2
1800,1604326716848,2
1801,1604326716884,2
1802,1604326716916,2
1803,1604326716948,2
1804,1604326716984,2
1805,1604326717016,2
1806,1604326717052,2
1807,1604326717084,2
1808,1604326717116,2
1809,1604326717152,2
1810,1604326717184,2
1811,1604326717216,2
1812,1604326717253,2
1813,1604326717285,2
1814,1604326717317,2
1815,1604326717353,2
1816,1604326717385,2
1817,1604326717421,2
1818,1604326717453,2
1819,1604326717486,2
1820,1604326717521,2
1821,1604326717553,2
1822,1604326717585,2
1823,1604326717620,2
1824,1604326717652,2
1825,1604326717688,2
1826,1604326717720,2
1827,1604326717752,2
1828,1604326717788,2
1829,1604326717820,2
1830,1604326717852,2
1831,1604326717888,2
1832,1604326717921,2
1833,1604326717952,2
1834,1604326717989,2
1835,1604326718020,2
1836,1604326718056,2
1837,1604326718088,2
1838,1604326718121,2
1839,1604326718157,2
1840,1604326718189,2
1841,1604326718221,2
1842,1604326718257,2
1843,1604326718289,2
1844,1604326718321,2
1845,1604326718357,2
1846,1604326718389,2
1847,1604326718425,2
1848,1604326718457,2
1849,1604326718489,2
1850,1604326718525,2
1851,1604326718558,2
1852,1604326718589,2
1853,1604326718627,2
1854,1604326718657,2
1855,1604326718690,2
1856,1604326718726,2
1857,1604326718757,2
1858,1604326718793,2
1859,1604326718825,2
1860,1604326718857,2
1861,1604326718893,2
1862,1604326718925,2
1863,1604326718957,2
1864,1604326718993,2
1865,1604326719025,2
1866,1604326719057,2
1867,1604326719093,2
1868,1604326719125,2
1869,1604326719161,2
1870,1604326719193,2
1871,1604326719225,2
1872,1604326719261,2
1873,1604326719293,2
1874,1604326719325,2
1875,1604326719361,2
1876,1604326719393,2
1877,1604326719425,2
1878,1604326719461,2
1879,1604326719493,2
1880,1604326719530,2
1881,1604326719561,2
1882,1604326719593,2
1883,1604326719629,2
1884,1604326719661,2
1885,1604326719693,2
1886,1604326719730,2
1887,1604326719761,2
1888,1604326719793,2
1889,1604326719829,2
1890,1604326719861,2
1891,1604326719898,2
1892,1604326719930,2
1893,1604326719962,2
1894,1604326719998,2
1895,1604326720030,2
1896,1604326720062,2
1897,1604326720098,2
1898,1604326720130,2
1899,1604326720162,2
1900,1604326720198,2
1901,1604326720230,2
1902,1604326720266,2
1903,1604326720298,2
1904,1604326720330,2
1905,1604326720366,2
1906,1604326720399,2
1907,1604326720430,2
1908,1604326720466,2
1909,1604326720498,2
1910,1604326720531,2
1911,1604326720566,2
1912,1604326720598,2
1913,1604326720634,2
1914,1604326720666,2
1915,1604326720698,2
1916,1604326720734,2
1917,1604326720766,2
1918,1604326720798,2
1919,1604326720834,2
1920,1604326720866,2
1921,1604326720898,2
1922,1604326720934,2
1923,1604326720966,2
1924,1604326721002,2
1925,1604326721034,2
1926,1604326721066,2
1927,1604326721102,2
1928,1604326721134,2
1929,1604326721166,2
1930,1604326721202,2
1931,1604326721234,2
1932,1604326721266,2
1933,1604326721302,2
1934,1604326721334,2
1935,1604326721370,2
1936,1604326721402,2
1937,1604326721434,2
1938,1604326721470,2
1939,1604326721502,2
1940,1604326721534,2
1941,1604326721570,2
1942,1604326721602,2
1943,1604326721638,2
1944,1604326721670,2
1945,1604326721702,2
1946,1604326721738,2
1947,1604326721770,2
1948,1604326721802,2
1949,1604326721839,2
1950,1604326721871,2
1951,1604326721902,2
1952,1604326721939,2
1953,1604326721970,2
1954,1604326722007,2
1955,1604326722039,2
1956,1604326722071,2
1957,1604326722107,2
1958,1604326722139,2
1959,1604326722171,2
1960,1604326722207,2
1961,1604326722239,2
1962,1604326722271,2
1963,1604326722307,2
1964,1604326722339,2
1965,1604326722375,2
1966,1604326722407,2
1967,1604326722439,2
1968,1604326722475,2
1969,1604326722507,2
1970,1604326722539,2
1971,1604326722575,2
1972,1604326722607,2
1973,1604326722639,2
1974,1604326722675,2
1975,1604326722707,2
1976,1604326722743,2
1977,1604326722775,2
1978,1604326722807,2
1979,1604326722843,2
1980,1604326722875,2
1981,1604326722907,2
1982,1604326722943,2
1983,1604326722975,2
1984,1604326723007,2
1985,1604326723043,2
1986,1604326723075,2
1987,1604326723111,2
1988,1604326723143,2
1989,1604326723175,2
1990,1604326723211,2
1991,1604326723243,2
1992,1604326723275,2
1993,1604326723311,2
1994,1604326723343,2
1995,1604326723375,2
1996,1604326723411,2
1997,1604326723444,2
1998,1604326723479,2
1999,1604326723511,2
2000,1604326723543,2
2001,1604326723579,2
2002,1604326723611,2
2003,1604326723643,2
2004,1604326723679,2
2005,1604326723711,2
2006,1604326723743,2
2007,1604326723779,2
2008,1604326723812,2
2009,1604326723848,2
2010,1604326723880,2
2011,1604326723912,2
2012,1604326723948,2
2013,1604326723980,2
2014,1604326724012,1
2015,1604326724049,1
2016,1604326724080,1
2017,1604326724112,1
2018,1604326724148,1
2019,1604326724180,1
2020,1604326724217,1
2021,1604326724248,1
2022,1604326724280,1
2023,1604326724316,1
2024,1604326724348,1
2025,1604326724380,1
2026,1604326724417,1
2027,1604326724449,1
2028,1604326724480,1
2029,1604326724516,1
2030,1604326724548,1
2031,1604326724584,1
2032,1604326724616,1
2033,1604326724648,1
2034,1604326724684,1
2035,1604326724716,1
2036,1604326724748,1
2037,1604326724784,1
2038,1604326724816,1
2039,1604326724849,1
2040,1604326724884,1
2041,1604326724916,1
2042,1604326724952,1
2043,1604326724984,1
2044,1604326725016,1
2045,1604326725052,1
2046,1604326725084,1
2047,1604326725116,1
2048,1604326725152,1
2049,1604326725184,1
2050,1604326725217,1
2051,1604326725252,1
2052,1604326725284,1
2053,1604326725320,1
2054,1604326725352,1
2055,1604326725384,1
2056,1604326725420,1
2057,1604326725452,1
2058,1604326725485,1
2059,1604326725522,1
2060,1604326725553,1
2061,1604326725589,1
2062,1604326725621,1
2063,1604326725653,1
2064,1604326725689,1
2065,1604326725721,1
2066,1604326725753,1
2067,1604326725789,1
2068,1604326725821,1
2069,1604326725852,1
2070,1604326725889,1
2071,1604326725921,1
2072,1604326725957,1
2073,1604326725989,1
2074,1604326726021,1
2075,1604326726057,1
2076,1604326726089,1
2077,1604326726121,1
2078,1604326726157,1
2079,1604326726189,1
2080,1604326726221,1
2081,1604326726257,1
2082,1604326726289,1
2083,1604326726325,1
2084,1604326726357,1
2085,1604326726389,1
2086,1604326726425,1
2087,1604326726457,1
2088,1604326726489,1
2089,1604326726525,1
2090,1604326726557,1
2091,1604326726589,1
2092,1604326726625,1
2093,1604326726657,1
2094,1604326726693,1
2095,1604326726725,1
2096,1604326726757,1
2097,1604326726793,1
2098,1604326726825,1
2099,1604326726858,1
2100,1604326726893,1
2101,1604326726925,1
2102,1604326726957,1
2103,1604326726993,1
2104,1604326727025,1
2105,1604326727061,1
2106,1604326727093,1
2107,1604326727125,1
2108,1604326727161,1
2109,1604326727193,1
2110,1604326727225,1
2111,1604326727261,1
2112,1604326727293,1
2113,1604326727325,1
2114,1604326727361,1
2115,1604326727393,1
2116,1604326727429,1
2117,1604326727461,1
2118,1604326727493,1
2119,1604326727529,1
2120,1604326727561,1
2121,1604326727593,1
2122,1604326727629,1
2123,1604326727661,1
2124,1604326727693,1
2125,1604326727729,1
2126,1604326727762,1
2127,1604326727798,1
2128,1604326727830,1
2129,1604326727861,1
2130,1604326727898,1
2131,1604326727930,1
2132,1604326727962,1
2133,1604326727998,1
2134,1604326728030,1
2135,1604326728062,1
2136,1604326728098,1
2137,1604326728131,1
2138,1604326728166,1
2139,1604326728198,1
2140,1604326728230,1
2141,1604326728266,1
2142,1604326728298,1
2143,1604326728330,1
2144,1604326728368,1
2145,1604326728398,1
2146,1604326728431,1
2147,1604326728466,1
2148,1604326728498,1
2149,1604326728535,1
2150,1604326728566,1
2151,1604326728598,1
2152,1604326728634,1
2153,1604326728666,1
2154,1604326728698,1
2155,1604326728735,1
2156,1604326728766,1
2157,1604326728798,1
2158,1604326728835,1
2159,1604326728867,1
2160,1604326728906,1
2161,1604326728935,1
2162,1604326728968,1
2163,1604326729003,1
2164,1604326729035,1
2165,1604326729067,1
2166,1604326729102,1
2167,1604326729135,1
2168,1604326729170,1
2169,1604326729202,1
2170,1604326729234,1
2171,1604326729270,1
2172,1604326729302,1
2173,1604326729335,1
2174,1604326729371,1
2175,1604326729403,1
2176,1604326729435,1
2177,1604326729471,1
2178,1604326729504,1
2179,1604326729539,1
2180,1604326729571,1
2181,1604326729604,1
2182,1604326729638,1
2183,1604326729670,1
2184,1604326729702,1
2185,1604326729738,1
2186,1604326729770,1
2187,1604326729803,1
2188,1604326729839,1
2189,1604326729871,1
2190,1604326729907,1
2191,1604326729939,1
2192,1604326729971,1
2193,1604326730007,1
2194,1604326730039,1
2195,1604326730071,1
2196,1604326730107,1
2197,1604326730139,1
2198,1604326730171,1
2199,1604326730207,1
2200,1604326730239,1
2201,1604326730275,1
2202,1604326730307,1
2203,1604326730339,1
2204,1604326730375,1
2205,1604326730407,1
2206,1604326730439,1
2207,1604326730475,1
2208,1604326730507,1
2209,1604326730539,1
2210,1604326730575,1
2211,1604326730607,1
2212,1604326730643,1
2213,1604326730675,1
2214,1604326730707,1
2215,1604326730743,1
2216,1604326730775,1
2217,1604326730807,1
2218,1604326730843,1
2219,1604326730875,1
2220,1604326730907,1
2221,1604326730943,1
2222,1604326730975,1
2223,1604326731011,1
2224,1604326731043,1
2225,1604326731075,1
2226,1604326731111,1
2227,1604326731143,1
2228,1604326731175,1
2229,1604326731211,1
2230,1604326731243,1
2231,1604326731275,1
2232,1604326731311,1
2233,1604326731343,1
2234,1604326731379,1
2235,1604326731411,1
2236,1604326731443,1
2237,1604326731479,1
2238,1604326731511,1
2239,1604326731543,1
2240,1604326731579,1
2241,1604326731611,1
2242,1604326731643,1
2243,1604326731679,1
2244,1604326731711,1
2245,1604326731748,1
2246,1604326731780,1
2247,1604326731811,1
2248,1604326731847,1
2249,1604326731880,1
2250,1604326731912,1
2251,1604326731948,1
2252,1604326731980,1
2253,1604326732012,1
2254,1604326732048,1
2255,1604326732080,1
2256,1604326732116,1
2257,1604326732148,1
2258,1604326732180,1
2259,1604326732216,1
2260,1604326732248,1
2261,1604326732280,1
2262,1604326732316,1
2263,1604326732348,1
2264,1604326732380,1
2265,1604326732416,1
2266,1604326732448,1
2267,1604326732484,1
2268,1604326732516,1
2269,1604326732548,1
2270,1604326732584,1
2271,1604326732616,1
2272,1604326732648,1
2273,1604326732684,1
2274,1604326732716,1
2275,1604326732748,1
2276,1604326732784,1
2277,1604326732816,1
2278,1604326732852,1
2279,1604326732884,1
2280,1604326732916,1
2281,1604326732953,1
2282,1604326732985,1
2283,1604326733017,1
2284,1604326733054,1
2285,1604326733085,1
2286,1604326733120,1
2287,1604326733152,1
2288,1604326733184,1
2289,1604326733221,1
2290,1604326733252,1
2291,1604326733284,1
2292,1604326733320,1
2293,1604326733352,1
2294,1604326733384,1
2295,1604326733421,1
2296,1604326733453,1
2297,1604326733488,1
2298,1604326733520,1
2299,1604326733552,1
2300,1604326733589,1
2301,1604326733621,1
2302,1604326733653,1
2303,1604326733689,1
2304,1604326733721,1
2305,1604326733754,1
2306,1604326733789,1
2307,1604326733822,1
2308,1604326733857,1
2309,1604326733889,1
2310,1604326733921,1
2311,1604326733957,1
2312,1604326733989,1
2313,1604326734021,1
2314,1604326734057,1
2315,1604326734089,1
2316,1604326734121,1
2317,1604326734157,1
2318,1604326734189,1
2319,1604326734225,1
2320,1604326734257,1
2321,1604326734289,1
2322,1604326734325,1
2323,1604326734358,1
2324,1604326734390,1
2325,1604326734426,1
2326,1604326734457,1
2327,1604326734489,1
2328,1604326734525,1
2329,1604326734557,1
2330,1604326734593,1
2331,1604326734625,1
2332,1604326734657,1
2333,1604326734693,1
2334,1604326734725,1
2335,1604326734757,1
2336,1604326734793,1
2337,1604326734825,1
2338,1604326734857,1
2339,1604326734893,1
2340,1604326734925,1
2341,1604326734961,1
2342,1604326734993,1
2343,1604326735025,1
2344,1604326735061,1
2345,1604326735093,1
2346,1604326735125,1
2347,1604326735161,1
2348,1604326735193,1
2349,1604326735225,1
2350,1604326735261,1
2351,1604326735293,1
2352,1604326735329,1
2353,1604326735361,1
2354,1604326735393,1
2355,1604326735429,1
2356,1604326735461,1
2357,1604326735493,1
2358,1604326735529,1
2359,1604326735561,1
2360,1604326735593,1
2361,1604326735630,1
2362,1604326735661,1
2363,1604326735697,1
2364,1604326735729,1
2365,1604326735762,1
2366,1604326735798,1
2367,1604326735830,1
2368,1604326735862,1
2369,1604326735898,1
2370,1604326735930,1
2371,1604326735962,1
2372,1604326735998,1
2373,1604326736030,1
2374,1604326736066,1
2375,1604326736098,1
2376,1604326736130,1
2377,1604326736166,2
2378,1604326736198,2
2379,1604326736230,2
2380,1604326736267,2
2381,1604326736298,2
2382,1604326736331,2
2383,1604326736366,2
2384,1604326736398,2
2385,1604326736435,2
2386,1604326736467,2
2387,1604326736499,2
2388,1604326736534,2
2389,1604326736567,2
2390,1604326736599,2
2391,1604326736635,2
2392,1604326736667,2
2393,1604326736703,2
2394,1604326736734,2
2395,1604326736767,2
2396,1604326736803,2
2397,1604326736835,2
2398,1604326736867,2
2399,1604326736903,2
2400,1604326736935,2
2401,1604326736967,2
2402,1604326737003,2
2403,1604326737034,2
2404,1604326737071,2
2405,1604326737102,2
2406,1604326737134,2
2407,1604326737170,2
2408,1604326737202,2
2409,1604326737234,2
2410,1604326737270,2
2411,1604326737303,2
2412,1604326737334,2
2413,1604326737370,2
2414,1604326737402,2
2415,1604326737438,2
2416,1604326737470,2
2417,1604326737503,2
2418,1604326737539,2
2419,1604326737571,2
2420,1604326737603,2
2421,1604326737639,2
2422,1604326737672,2
2423,1604326737703,2
2424,1604326737740,2
2425,1604326737771,2
2426,1604326737807,2
2427,1604326737839,2
2428,1604326737871,2
2429,1604326737907,2
2430,1604326737939,2
2431,1604326737971,2
2432,1604326738007,2
2433,1604326738039,2
2434,1604326738071,2
2435,1604326738107,2
2436,1604326738139,2
2437,1604326738175,2
2438,1604326738207,2
2439,1604326738239,2
2440,1604326738275,2
2441,1604326738307,2
2442,1604326738339,2
2443,1604326738375,2
2444,1604326738407,2
2445,1604326738439,6
2446,1604326738475,6
2447,1604326738507,6
2448,1604326738543,6
2449,1604326738575,6
2450,1604326738607,6
2451,1604326738644,6
2452,1604326738675,6
2453,1604326738707,6
2454,1604326738743,6
2455,1604326738775,6
2456,1604326738807,6
2457,1604326738843,6
2458,1604326738875,6
2459,1604326738911,6
2460,1604326738945,6
